-- phpMyAdmin SQL Dump
-- version 4.8.4
-- https://www.phpmyadmin.net/
--
-- Host: 127.0.0.1
-- Waktu pembuatan: 26 Jun 2023 pada 08.56
-- Versi server: 10.1.37-MariaDB
-- Versi PHP: 5.6.40

SET SQL_MODE = "NO_AUTO_VALUE_ON_ZERO";
SET AUTOCOMMIT = 0;
START TRANSACTION;
SET time_zone = "+00:00";


/*!40101 SET @OLD_CHARACTER_SET_CLIENT=@@CHARACTER_SET_CLIENT */;
/*!40101 SET @OLD_CHARACTER_SET_RESULTS=@@CHARACTER_SET_RESULTS */;
/*!40101 SET @OLD_COLLATION_CONNECTION=@@COLLATION_CONNECTION */;
/*!40101 SET NAMES utf8mb4 */;

--
-- Database: `tokokita_1234`
--

-- --------------------------------------------------------

--
-- Struktur dari tabel `tbl_admin`
--

CREATE TABLE `tbl_admin` (
  `idAdmin` int(2) NOT NULL,
  `userName` varchar(100) DEFAULT NULL,
  `password` varchar(100) DEFAULT NULL
) ENGINE=InnoDB DEFAULT CHARSET=latin1;

--
-- Dumping data untuk tabel `tbl_admin`
--

INSERT INTO `tbl_admin` (`idAdmin`, `userName`, `password`) VALUES
(1, 'admin', '12345');

-- --------------------------------------------------------

--
-- Struktur dari tabel `tbl_detail_order`
--

CREATE TABLE `tbl_detail_order` (
  `idDetailOrder` int(10) NOT NULL,
  `idOrder` int(5) DEFAULT NULL,
  `idProduk` int(5) DEFAULT NULL,
  `jumlah` int(5) DEFAULT NULL,
  `harga` int(10) DEFAULT NULL
) ENGINE=InnoDB DEFAULT CHARSET=latin1;

-- --------------------------------------------------------

--
-- Struktur dari tabel `tbl_kategori`
--

CREATE TABLE `tbl_kategori` (
  `idkat` int(5) NOT NULL,
  `namaKat` varchar(30) DEFAULT NULL
) ENGINE=InnoDB DEFAULT CHARSET=latin1;

--
-- Dumping data untuk tabel `tbl_kategori`
--

INSERT INTO `tbl_kategori` (`idkat`, `namaKat`) VALUES
(1, 'Baju Pria'),
(3, 'Baju Wanita'),
(4, 'Jaket');

-- --------------------------------------------------------

--
-- Struktur dari tabel `tbl_member`
--

CREATE TABLE `tbl_member` (
  `idKonsumen` int(5) NOT NULL,
  `username` varchar(100) DEFAULT NULL,
  `password` varchar(100) DEFAULT NULL,
  `namaKonsumen` varchar(50) DEFAULT NULL,
  `alamat` varchar(200) DEFAULT NULL,
  `idKota` int(4) DEFAULT NULL,
  `email` varchar(100) DEFAULT NULL,
  `tlpn` int(20) DEFAULT NULL,
  `statusAktif` enum('Y','N') DEFAULT NULL
) ENGINE=InnoDB DEFAULT CHARSET=latin1;

--
-- Dumping data untuk tabel `tbl_member`
--

INSERT INTO `tbl_member` (`idKonsumen`, `username`, `password`, `namaKonsumen`, `alamat`, `idKota`, `email`, `tlpn`, `statusAktif`) VALUES
(1, 'member 1', 'member 1', NULL, 'Yogyakarta', 419, 'member@gmail.com', 1234567, 'Y'),
(2, 'member', 'member', 'Test', 'Coba', 419, 'test@gmail.com', 1234, 'Y'),
(6, 'test', 'test', 'test', 'test', 419, 'test@test.com', 123, 'Y'),
(7, 'memberjakarta', '12345', 'Member dari Jakarta', '12345', 152, 'jakarta@member.id', 123456, 'Y'),
(8, 'memberjogja', '12345', 'Member dari Jogja', '12345', 419, 'jogja@member.id', 123456, 'Y');

-- --------------------------------------------------------

--
-- Struktur dari tabel `tbl_ongkir`
--

CREATE TABLE `tbl_ongkir` (
  `idOngkir` int(5) NOT NULL,
  `tujuan` varchar(50) NOT NULL,
  `kurir` varchar(25) NOT NULL,
  `ongkos` int(11) NOT NULL
) ENGINE=InnoDB DEFAULT CHARSET=utf8mb4;

--
-- Dumping data untuk tabel `tbl_ongkir`
--

INSERT INTO `tbl_ongkir` (`idOngkir`, `tujuan`, `kurir`, `ongkos`) VALUES
(2, 'Jogja', 'TIKI', 5000),
(3, 'Bandung', 'TIKI', 10000),
(6, 'Klaten', 'JNE', 70000);

-- --------------------------------------------------------

--
-- Struktur dari tabel `tbl_order`
--

CREATE TABLE `tbl_order` (
  `idOrder` int(5) NOT NULL,
  `idKonsumen` int(5) DEFAULT NULL,
  `idToko` int(10) NOT NULL,
  `tglOrder` date DEFAULT NULL,
  `statusOrder` enum('Belum Bayar','Dikemas','Dikirim','Diterima','Selesai','Dibatalkan') DEFAULT NULL,
  `kurir` varchar(50) NOT NULL,
  `ongkir` int(10) NOT NULL
) ENGINE=InnoDB DEFAULT CHARSET=latin1;

-- --------------------------------------------------------

--
-- Struktur dari tabel `tbl_produk`
--

CREATE TABLE `tbl_produk` (
  `idProduk` int(5) NOT NULL,
  `idKat` int(5) DEFAULT NULL,
  `idToko` int(5) DEFAULT NULL,
  `namaProduk` varchar(200) DEFAULT NULL,
  `foto` varchar(100) DEFAULT NULL,
  `harga` int(10) DEFAULT NULL,
  `stok` int(5) DEFAULT NULL,
  `berat` int(5) DEFAULT NULL,
  `deskripsiProduk` text
) ENGINE=InnoDB DEFAULT CHARSET=latin1;

--
-- Dumping data untuk tabel `tbl_produk`
--

INSERT INTO `tbl_produk` (`idProduk`, `idKat`, `idToko`, `namaProduk`, `foto`, `harga`, `stok`, `berat`, `deskripsiProduk`) VALUES
(1, 3, 2, 'Baju Wanita', 'cat-21.jpg', 20000, 3, 200, 'Produk Wanita'),
(5, 1, 2, 'Baju Pria', 'cat-11.jpg', 40000, 4, 2, 'Baju Pria'),
(6, 1, 4, 'Baju Anak', 'cat-3.jpg', 40000, 2, 200, 'Baju Anak'),
(7, 3, 5, 'Sepatu', 'cat-6.jpg', 40000, 2, 200, 'Sepatu');

-- --------------------------------------------------------

--
-- Struktur dari tabel `tbl_toko`
--

CREATE TABLE `tbl_toko` (
  `idToko` int(5) NOT NULL,
  `idKonsumen` int(5) DEFAULT NULL,
  `namaToko` varchar(100) DEFAULT NULL,
  `logo` varchar(100) DEFAULT NULL,
  `deskripsi` text,
  `statusAktif` enum('Y','N') DEFAULT NULL
) ENGINE=InnoDB DEFAULT CHARSET=latin1;

--
-- Dumping data untuk tabel `tbl_toko`
--

INSERT INTO `tbl_toko` (`idToko`, `idKonsumen`, `namaToko`, `logo`, `deskripsi`, `statusAktif`) VALUES
(2, 2, 'Toko ABC', '4k-programming-java-script-logo-3hcns7bt28muj7ih2.jpg', 'Toko Lama', 'Y'),
(4, 2, 'Toko DEF', '4k-programming-127001-w1546vdzj8vyw5191.jpg', 'Toko Baru', 'Y'),
(5, 7, 'Toko Sepatu', 'cat-5.jpg', 'Toko Baju', 'Y');

--
-- Indexes for dumped tables
--

--
-- Indeks untuk tabel `tbl_admin`
--
ALTER TABLE `tbl_admin`
  ADD PRIMARY KEY (`idAdmin`);

--
-- Indeks untuk tabel `tbl_detail_order`
--
ALTER TABLE `tbl_detail_order`
  ADD PRIMARY KEY (`idDetailOrder`),
  ADD KEY `idProduk` (`idProduk`),
  ADD KEY `idOrder` (`idOrder`);

--
-- Indeks untuk tabel `tbl_kategori`
--
ALTER TABLE `tbl_kategori`
  ADD PRIMARY KEY (`idkat`);

--
-- Indeks untuk tabel `tbl_member`
--
ALTER TABLE `tbl_member`
  ADD PRIMARY KEY (`idKonsumen`);

--
-- Indeks untuk tabel `tbl_ongkir`
--
ALTER TABLE `tbl_ongkir`
  ADD PRIMARY KEY (`idOngkir`);

--
-- Indeks untuk tabel `tbl_order`
--
ALTER TABLE `tbl_order`
  ADD PRIMARY KEY (`idOrder`),
  ADD KEY `idKonsumen` (`idKonsumen`),
  ADD KEY `idToko` (`idToko`);

--
-- Indeks untuk tabel `tbl_produk`
--
ALTER TABLE `tbl_produk`
  ADD PRIMARY KEY (`idProduk`),
  ADD KEY `idKat` (`idKat`),
  ADD KEY `idToko` (`idToko`);

--
-- Indeks untuk tabel `tbl_toko`
--
ALTER TABLE `tbl_toko`
  ADD PRIMARY KEY (`idToko`),
  ADD KEY `idKonsumen` (`idKonsumen`);

--
-- AUTO_INCREMENT untuk tabel yang dibuang
--

--
-- AUTO_INCREMENT untuk tabel `tbl_admin`
--
ALTER TABLE `tbl_admin`
  MODIFY `idAdmin` int(2) NOT NULL AUTO_INCREMENT, AUTO_INCREMENT=2;

--
-- AUTO_INCREMENT untuk tabel `tbl_detail_order`
--
ALTER TABLE `tbl_detail_order`
  MODIFY `idDetailOrder` int(10) NOT NULL AUTO_INCREMENT;

--
-- AUTO_INCREMENT untuk tabel `tbl_kategori`
--
ALTER TABLE `tbl_kategori`
  MODIFY `idkat` int(5) NOT NULL AUTO_INCREMENT, AUTO_INCREMENT=5;

--
-- AUTO_INCREMENT untuk tabel `tbl_member`
--
ALTER TABLE `tbl_member`
  MODIFY `idKonsumen` int(5) NOT NULL AUTO_INCREMENT, AUTO_INCREMENT=9;

--
-- AUTO_INCREMENT untuk tabel `tbl_ongkir`
--
ALTER TABLE `tbl_ongkir`
  MODIFY `idOngkir` int(5) NOT NULL AUTO_INCREMENT, AUTO_INCREMENT=7;

--
-- AUTO_INCREMENT untuk tabel `tbl_order`
--
ALTER TABLE `tbl_order`
  MODIFY `idOrder` int(5) NOT NULL AUTO_INCREMENT;

--
-- AUTO_INCREMENT untuk tabel `tbl_produk`
--
ALTER TABLE `tbl_produk`
  MODIFY `idProduk` int(5) NOT NULL AUTO_INCREMENT, AUTO_INCREMENT=8;

--
-- AUTO_INCREMENT untuk tabel `tbl_toko`
--
ALTER TABLE `tbl_toko`
  MODIFY `idToko` int(5) NOT NULL AUTO_INCREMENT, AUTO_INCREMENT=6;

--
-- Ketidakleluasaan untuk tabel pelimpahan (Dumped Tables)
--

--
-- Ketidakleluasaan untuk tabel `tbl_detail_order`
--
ALTER TABLE `tbl_detail_order`
  ADD CONSTRAINT `tbl_detail_order_ibfk_1` FOREIGN KEY (`idOrder`) REFERENCES `tbl_order` (`idOrder`) ON DELETE CASCADE ON UPDATE CASCADE,
  ADD CONSTRAINT `tbl_detail_order_ibfk_2` FOREIGN KEY (`idProduk`) REFERENCES `tbl_produk` (`idProduk`) ON DELETE CASCADE ON UPDATE CASCADE;

--
-- Ketidakleluasaan untuk tabel `tbl_order`
--
ALTER TABLE `tbl_order`
  ADD CONSTRAINT `tbl_order_ibfk_1` FOREIGN KEY (`idKonsumen`) REFERENCES `tbl_member` (`idKonsumen`) ON DELETE CASCADE ON UPDATE CASCADE,
  ADD CONSTRAINT `tbl_order_ibfk_2` FOREIGN KEY (`idToko`) REFERENCES `tbl_toko` (`idToko`) ON DELETE CASCADE ON UPDATE CASCADE;

--
-- Ketidakleluasaan untuk tabel `tbl_produk`
--
ALTER TABLE `tbl_produk`
  ADD CONSTRAINT `tbl_produk_ibfk_2` FOREIGN KEY (`idToko`) REFERENCES `tbl_toko` (`idToko`) ON DELETE CASCADE ON UPDATE CASCADE,
  ADD CONSTRAINT `tbl_produk_ibfk_3` FOREIGN KEY (`idKat`) REFERENCES `tbl_kategori` (`idkat`) ON DELETE CASCADE ON UPDATE CASCADE;

--
-- Ketidakleluasaan untuk tabel `tbl_toko`
--
ALTER TABLE `tbl_toko`
  ADD CONSTRAINT `tbl_toko_ibfk_1` FOREIGN KEY (`idKonsumen`) REFERENCES `tbl_member` (`idKonsumen`) ON DELETE CASCADE ON UPDATE CASCADE;
COMMIT;

/*!40101 SET CHARACTER_SET_CLIENT=@OLD_CHARACTER_SET_CLIENT */;
/*!40101 SET CHARACTER_SET_RESULTS=@OLD_CHARACTER_SET_RESULTS */;
/*!40101 SET COLLATION_CONNECTION=@OLD_COLLATION_CONNECTION */;
